,FTR,CB
FTR,1.0,0.99999654
CB,0.99999654,0.99999994
