,BS11,CAR
BS11,0.99999994,0.9999993
CAR,0.9999993,0.9999998
