,DITB,FTR
DITB,0.9999998,0.99071854
FTR,0.99071854,0.9999999
