,BS11,CAR
BS11,1.0,0.99999994
CAR,0.99999994,1.0
