,BS11,CAR
BS11,1.0,0.9999999
CAR,0.9999999,0.9999999
