,BS11,CAR
BS11,1.0000001,0.9999999
CAR,0.9999999,1.0000001
