label,orig_file,md5,disc,track,duration_sec,duration_fmt,loudness,rms,spectral_centroid
TCB,03 You Ain't Going Nowhere.flac,2c4c2435d5dff0f7cfee15aec4afb08c,1,8,0.0,02:38:906,0.0,0.0,0.0
CAR,03-18-Bob_Dylan-You_Ain_t_Goin_Nowhere_Take_2-SMR.flac,a2e0474b1f4a6b1ca8c560b613d243dc,1,8,0.9294517435916846,02:45:586,1.0,1.0,0.9482561113937017
MUTM,08 You Ain't Going Nowhere.flac,1979579aad01620fedb490bbfed5a243,1,8,0.6883116883116871,02:43:853,0.9265181954072333,0.7670651182035106,0.8667946735016603
ATWR,25 You Ain't Going Nowhere - Take 2.flac,6ea00dd92a20550b24e171e5344258f3,4,20,1.0,02:46:093,0.09783870496664022,0.11526301768943452,1.0
