,TCB,CAR,MUTM,ATWR
TCB,0.99999994,0.9693093,0.98173714,0.98793495
CAR,0.9693093,1.0,0.995134,0.98997164
MUTM,0.98173714,0.995134,0.99999994,0.9934374
ATWR,0.98793495,0.98997164,0.9934374,1.0000001
