,BS11,CAR,ATWR,MUTM
BS11,1.0000001,0.99999934,0.9949791,0.99303377
CAR,0.99999934,0.9999999,0.9948847,0.99292934
ATWR,0.9949791,0.9948847,1.0,0.9996958
MUTM,0.99303377,0.99292934,0.9996958,1.0
