,FTR,CB
FTR,0.9999998,0.99918795
CB,0.99918795,0.99999994
