,FTR,CB
FTR,1.0,0.99597925
CB,0.99597925,0.9999998
