,FTR,CB
FTR,1.0000001,0.9980514
CB,0.9980514,0.99999994
