,DITB,FTR,CB
DITB,0.9999998,0.9762466,0.97630787
FTR,0.9762466,0.9999999,0.9999998
CB,0.97630787,0.9999998,1.0
