,BS11,CAR
BS11,0.99999994,0.99999833
CAR,0.99999833,1.0000001
