,BS11,CAR,ATWR
BS11,1.0000001,0.99999976,0.98963773
CAR,0.99999976,0.99999994,0.989697
ATWR,0.98963773,0.989697,1.0000001
