,BS11,CAR,ATWR
BS11,0.9999997,0.99999994,0.99263936
CAR,0.99999994,1.0000001,0.9926321
ATWR,0.99263936,0.9926321,0.9999998
