,BS11,CAR
BS11,1.0000001,0.99999934
CAR,0.99999934,1.0000001
