,BS11,CAR
BS11,1.0,0.99999386
CAR,0.99999386,1.0
