,HHBST,TBT,CBST
HHBST,1.0,0.9998966,0.98934025
TBT,0.9998966,1.0000001,0.9883471
CBST,0.98934025,0.9883471,0.9999999
