,BS11,CAR
BS11,1.0,0.9999996
CAR,0.9999996,1.0000001
