,FTR,CB
FTR,0.9999999,0.9985411
CB,0.9985411,0.9999998
