,FTR,CB
FTR,1.0000001,0.99999994
CB,0.99999994,0.99999994
