,DITB,FTR
DITB,0.99999994,0.98738384
FTR,0.98738384,0.99999994
