,FTR,CB
FTR,1.0,0.99900204
CB,0.99900204,1.0
