label,orig_file,md5,disc,track,duration_sec,duration_fmt,loudness,loudness_left,loudness_right,loudness_balance,rms,rms_left,rms_right,rms_balance,lr_corr,spectral_centroid
BS11,14 - Bob Dylan - Crash On The Levee (Take 2).wav,a50dd5e70b107e68e814de660d42d9d2,3,14,0.7860696517412924,02:05:719,1.0,1.0,1.0,-0.06376955638039483,0.9999088161294135,0.9998882301929861,0.7246725973556098,0.02245362102985382,0.8808588890028474,1.0
CAR,03-14-Bob_Dylan-Crash_on_the_Levee_Take_2-SMR.flac,0aa782abca4f3b5d496fb251fb849a29,3,14,0.7828290520188184,02:05:711,0.9982164628892317,0.9994459244581274,0.998861434085249,-0.06032699943220621,1.0,1.0,0.7247287780987987,0.02245810627937317,0.8808588389600843,0.6040399309216768
ATWR,19 Crash On The Levee - Take 2.flac,3065b0534458c4d6b93190baf7d112ff,3,19,1.0,02:06:293,0.6098081281458473,0.7268185936217585,0.5256000044395281,1.1266332355969624,0.5430105311741893,0.6720645966253701,0.2832193925438416,0.03131342679262161,0.8706566632578576,0.1978185713162942
MUTM,05 Down In The Flood.flac,480b86a67a278f4091862f51295faada,1,5,0.0,02:03:613,0.4237703160627339,0.9957991454998072,0.933009948025373,0.30252120716142983,0.42541440817727944,0.49873984656850884,1.0,-0.03960911184549332,0.004882980611851448,0.0
RSD,04 Crash On The Levee.flac,16d8cb4f6543be9f6415bb4cdcd72a7a,1,1,0.8207770670457223,02:05:813,0.0,0.0,0.0,0.0,0.0,0.0,0.0,0.0,1.0,0.4680225367086517
