,FTR,CB
FTR,1.0,0.9999996
CB,0.9999996,1.0
