,BS11,CAR
BS11,1.0000001,1.0000001
CAR,1.0000001,1.0000001
