,BS11,CAR
BS11,0.9999999,0.9999997
CAR,0.9999997,1.0
