,FTR,CB
FTR,1.0,0.99819344
CB,0.99819344,1.0
