,BS11,CAR
BS11,0.99999994,0.99999994
CAR,0.99999994,0.9999999
