,FTR,FTR
FTR,0.99999994,0.9767433
FTR,0.9767433,1.0000001
