,BS11,CAR,ATWR
BS11,1.0000001,0.99999726,0.9918707
CAR,0.99999726,1.0000001,0.9916923
ATWR,0.9918707,0.9916923,1.0
